{"Algorithm": "Query-adv", "Precision": 0.53559510567297, "Recall": 0.8883763837638377, "F1-score": 0.6682859125607217, "Accuracy": 0.5745253330192877, "FNR": 0.11162361623616236, "FPR": 0.7402482269503546, "Membership advantage": 0.1490506660385752, "TPR@1%FPR": 0.0, "TPR@10%FPR": 0.0, "AUROC": 0.576775993823768}