{"Algorithm": "Query-adv", "Precision": 0.5544318857822724, "Recall": 0.8182616330114135, "F1-score": 0.6609929078014185, "Accuracy": 0.560109381277375, "FNR": 0.18173836698858647, "FPR": 0.6980428704566636, "Membership advantage": 0.12021876255474995, "TPR@1%FPR": 0.0, "TPR@10%FPR": 0.0, "AUROC": 0.5613530941858876}