{"Algorithm": "NN-top3", "Precision": 0.5158959537572254, "Recall": 0.6532479414455626, "F1-score": 0.5765038352846186, "Accuracy": 0.527249529257187, "FNR": 0.3467520585544373, "FPR": 0.5987488829311886, "Membership advantage": 0.05449905851437409, "TPR@1%FPR": 0.021957913998170174, "TPR@10%FPR": 0.12351326623970722, "AUROC": 0.5249945424085516}