{"Algorithm": "Query-neighbor", "Precision": 0.5159010600706714, "Recall": 0.6697247706422018, "F1-score": 0.5828343313373254, "Accuracy": 0.529603918297928, "FNR": 0.3302752293577982, "FPR": 0.6105169340463458, "Membership advantage": 0.059207836595856045, "TPR@1%FPR": 0.0, "TPR@10%FPR": 0.0798165137614679, "AUROC": 0.5369261966671572}