{"Algorithm": "Query-transfer", "Precision": 0.5204313280363224, "Recall": 0.8459409594095941, "F1-score": 0.6444132115249473, "Accuracy": 0.5484137421161446, "FNR": 0.1540590405904059, "FPR": 0.749113475177305, "Membership advantage": 0.09682748423228915, "TPR@1%FPR": 0.00922509225092251, "TPR@10%FPR": 0.0940959409594096, "AUROC": 0.5136581252780613}