{"Algorithm": "NN-original", "Precision": 0.5202140309155767, "Recall": 0.8027522935779816, "F1-score": 0.6313131313131313, "Accuracy": 0.541750478339793, "FNR": 0.19724770642201836, "FPR": 0.7192513368983957, "Membership advantage": 0.0835009566795859, "TPR@1%FPR": 0.013761467889908258, "TPR@10%FPR": 0.12385321100917432, "AUROC": 0.5467166266005985}