{"Algorithm": "Query-neighbor", "Precision": 0.5049295774647887, "Recall": 0.6577981651376147, "F1-score": 0.5713147410358566, "Accuracy": 0.5156192251713029, "FNR": 0.3422018348623853, "FPR": 0.6265597147950089, "Membership advantage": 0.03123845034260575, "TPR@1%FPR": 0.0027522935779816515, "TPR@10%FPR": 0.05779816513761468, "AUROC": 0.5075700338517392}