{"Algorithm": "NN-original", "Precision": 0.5080707148347425, "Recall": 0.6064220183486239, "F1-score": 0.5529067335842744, "Accuracy": 0.5180060180869679, "FNR": 0.39357798165137614, "FPR": 0.5704099821746881, "Membership advantage": 0.03601203617393578, "TPR@1%FPR": 0.011009174311926606, "TPR@10%FPR": 0.09908256880733946, "AUROC": 0.5036680894209227}