{"Algorithm": "NN-top3", "Precision": 0.5149925037481259, "Recall": 0.6337638376383764, "F1-score": 0.5682382133995038, "Accuracy": 0.5300911386773443, "FNR": 0.3662361623616236, "FPR": 0.5735815602836879, "Membership advantage": 0.06018227735468851, "TPR@1%FPR": 0.015682656826568265, "TPR@10%FPR": 0.1014760147601476, "AUROC": 0.5298020367171756}