{"Algorithm": "Query-transfer", "Precision": 0.5181665735047513, "Recall": 0.848124428179323, "F1-score": 0.6433032616238724, "Accuracy": 0.5388968879055686, "FNR": 0.15187557182067704, "FPR": 0.7703306523681859, "Membership advantage": 0.07779377581113711, "TPR@1%FPR": 0.012808783165599268, "TPR@10%FPR": 0.08874656907593778, "AUROC": 0.502146243828016}