{"Algorithm": "Query-neighbor", "Precision": 0.5325858444288718, "Recall": 0.6672519754170325, "F1-score": 0.5923616523772409, "Accuracy": 0.5228151768977054, "FNR": 0.33274802458296754, "FPR": 0.6216216216216216, "Membership advantage": 0.045630353795410916, "TPR@1%FPR": 0.001755926251097454, "TPR@10%FPR": 0.08077260755048288, "AUROC": 0.528170915609988}