{"Algorithm": "NN-sorted", "Precision": 0.517774343122102, "Recall": 0.6180811808118081, "F1-score": 0.5634987384356601, "Accuracy": 0.532444845725053, "FNR": 0.38191881918819187, "FPR": 0.5531914893617021, "Membership advantage": 0.06488969145010592, "TPR@1%FPR": 0.01937269372693727, "TPR@10%FPR": 0.09778597785977859, "AUROC": 0.5319030351207767}