{"Algorithm": "Query-adv", "Precision": 0.5093205051112447, "Recall": 0.7770642201834862, "F1-score": 0.615328732292045, "Accuracy": 0.5248957464553794, "FNR": 0.22293577981651377, "FPR": 0.7272727272727273, "Membership advantage": 0.049791492910758905, "TPR@1%FPR": 0.0, "TPR@10%FPR": 0.0, "AUROC": 0.5224145120934112}