{"Algorithm": "NN-sorted", "Precision": 0.5176923076923077, "Recall": 0.6157365050320219, "F1-score": 0.5624738821562892, "Accuracy": 0.5277073946071638, "FNR": 0.38426349496797807, "FPR": 0.5603217158176944, "Membership advantage": 0.05541478921432752, "TPR@1%FPR": 0.022872827081427266, "TPR@10%FPR": 0.12900274473924978, "AUROC": 0.525588949746825}