{"Algorithm": "NN-original", "Precision": 0.524617067833698, "Recall": 0.8419666374012291, "F1-score": 0.6464442197505897, "Accuracy": 0.5160438965198131, "FNR": 0.15803336259877085, "FPR": 0.809878844361603, "Membership advantage": 0.03208779303962617, "TPR@1%FPR": 0.013169446883230905, "TPR@10%FPR": 0.1009657594381036, "AUROC": 0.5093679401905008}