{"Algorithm": "NN-sorted", "Precision": 0.5074135090609555, "Recall": 0.5651376146788991, "F1-score": 0.5347222222222222, "Accuracy": 0.5160803937922125, "FNR": 0.43486238532110094, "FPR": 0.5329768270944741, "Membership advantage": 0.03216078758442498, "TPR@1%FPR": 0.006422018348623854, "TPR@10%FPR": 0.08990825688073395, "AUROC": 0.4972015077924414}