{"Algorithm": "Query-transfer", "Precision": 0.5084860828241684, "Recall": 0.6871559633027523, "F1-score": 0.5844713226687476, "Accuracy": 0.5209398354838182, "FNR": 0.3128440366972477, "FPR": 0.6452762923351159, "Membership advantage": 0.04187967096763645, "TPR@1%FPR": 0.008256880733944955, "TPR@10%FPR": 0.0926605504587156, "AUROC": 0.5041308933915518}