{"Algorithm": "Query-neighbor", "Precision": 0.5233380480905233, "Recall": 0.6770356816102471, "F1-score": 0.5903470283207021, "Accuracy": 0.5373560892412272, "FNR": 0.322964318389753, "FPR": 0.6023235031277927, "Membership advantage": 0.07471217848245437, "TPR@1%FPR": 0.0018298261665141812, "TPR@10%FPR": 0.07319304666056725, "AUROC": 0.5417957479026088}