{"Algorithm": "Query-adv", "Precision": 0.5460750853242321, "Recall": 0.8807339449541285, "F1-score": 0.6741573033707865, "Accuracy": 0.5847519992150322, "FNR": 0.11926605504587157, "FPR": 0.7112299465240641, "Membership advantage": 0.16950399843006436, "TPR@1%FPR": 0.0, "TPR@10%FPR": 0.0, "AUROC": 0.5877941585308019}