{"Algorithm": "NN-top3", "Precision": 0.6442307692307693, "Recall": 0.058823529411764705, "F1-score": 0.10780370072405471, "Accuracy": 0.5121703853955375, "FNR": 0.9411764705882353, "FPR": 0.034482758620689655, "Membership advantage": 0.02434077079107505, "TPR@1%FPR": 0.02019315188762072, "TPR@10%FPR": 0.10535557506584724, "AUROC": 0.5060663733577058}