{"Algorithm": "Query-transfer", "Precision": 0.5300730747611018, "Recall": 0.865137614678899, "F1-score": 0.6573719065876612, "Accuracy": 0.5600197877316064, "FNR": 0.13486238532110092, "FPR": 0.7450980392156863, "Membership advantage": 0.12003957546321276, "TPR@1%FPR": 0.01926605504587156, "TPR@10%FPR": 0.12752293577981652, "AUROC": 0.5421760781043026}