{"Algorithm": "NN-top3", "Precision": 0.5238095238095238, "Recall": 0.7165137614678899, "F1-score": 0.6051917861294072, "Accuracy": 0.5418575937464227, "FNR": 0.2834862385321101, "FPR": 0.6327985739750446, "Membership advantage": 0.08371518749284534, "TPR@1%FPR": 0.01743119266055046, "TPR@10%FPR": 0.10550458715596331, "AUROC": 0.5409062290470817}