{"Algorithm": "NN-sorted", "Precision": 0.5243651338366506, "Recall": 0.6707638279192274, "F1-score": 0.588597842835131, "Accuracy": 0.512455539309101, "FNR": 0.3292361720807726, "FPR": 0.6458527493010252, "Membership advantage": 0.024911078618202187, "TPR@1%FPR": 0.02019315188762072, "TPR@10%FPR": 0.10008779631255488, "AUROC": 0.5046471496473011}