{"Algorithm": "Query-adv", "Precision": 0.5350492880613362, "Recall": 0.8938700823421775, "F1-score": 0.6694073312778349, "Accuracy": 0.5675784728064774, "FNR": 0.10612991765782251, "FPR": 0.7587131367292225, "Membership advantage": 0.135156945612955, "TPR@1%FPR": 0.0, "TPR@10%FPR": 0.0, "AUROC": 0.5691041455619357}