{"Algorithm": "NN-top3", "Precision": 0.5055025678650037, "Recall": 0.6321100917431193, "F1-score": 0.5617611088463106, "Accuracy": 0.5156985396327005, "FNR": 0.3678899082568807, "FPR": 0.6007130124777184, "Membership advantage": 0.03139707926540092, "TPR@1%FPR": 0.005504587155963303, "TPR@10%FPR": 0.09357798165137615, "AUROC": 0.49758254427709364}