{"Algorithm": "NN-original", "Precision": 0.583793738489871, "Recall": 0.2900274473924977, "F1-score": 0.3875305623471882, "Accuracy": 0.5440307031421827, "FNR": 0.7099725526075022, "FPR": 0.20196604110813227, "Membership advantage": 0.08806140628436543, "TPR@1%FPR": 0.021957913998170174, "TPR@10%FPR": 0.16010978956999086, "AUROC": 0.5502241496173145}