{"Algorithm": "Query-neighbor", "Precision": 0.5380313199105146, "Recall": 0.4437269372693727, "F1-score": 0.4863498483316481, "Accuracy": 0.5392573473607076, "FNR": 0.5562730627306273, "FPR": 0.36613475177304966, "Membership advantage": 0.07851469472141526, "TPR@1%FPR": 0.0009225092250922509, "TPR@10%FPR": 0.08671586715867159, "AUROC": 0.5535108509329775}