{"Algorithm": "Query-transfer", "Precision": 0.541038525963149, "Recall": 0.8507462686567164, "F1-score": 0.6614334470989761, "Accuracy": 0.5423349237039408, "FNR": 0.14925373134328357, "FPR": 0.766076421248835, "Membership advantage": 0.08466984740788142, "TPR@1%FPR": 0.01755926251097454, "TPR@10%FPR": 0.1141352063213345, "AUROC": 0.5282245098175589}