{"Algorithm": "NN-original", "Precision": 0.5367717287488061, "Recall": 0.518450184501845, "F1-score": 0.5274519005161895, "Accuracy": 0.5442428227473763, "FNR": 0.48154981549815495, "FPR": 0.4299645390070922, "Membership advantage": 0.0884856454947528, "TPR@1%FPR": 0.021217712177121772, "TPR@10%FPR": 0.12453874538745388, "AUROC": 0.5495726034388004}