{"Algorithm": "NN-sorted", "Precision": 0.5188205771643664, "Recall": 0.7587155963302752, "F1-score": 0.6162444113263785, "Accuracy": 0.5375574416588987, "FNR": 0.24128440366972478, "FPR": 0.6836007130124777, "Membership advantage": 0.07511488331779748, "TPR@1%FPR": 0.01834862385321101, "TPR@10%FPR": 0.10091743119266056, "AUROC": 0.5399597703968994}